{
    "fieldSets": [
        {
            "label": "text style",
            "fields": [
                {
                    "name": "textAppliedStyle",
                    "label": "applied-style",
                    "description": "this-is-the-style-that-will-be-applied",
                    "type": "select",
                    "dataType": "string",
                    "typeOptions": {
                        "validValues": [
                            {
                                "value": "dark"
                            },
                            {
                                "value": "light"
                            }
                        ]
                    },
                    "defaultValue": "dark"
                }
            ]
        }
    ]
}