<?xml version="1.0" encoding="UTF-8" standalone="yes"?>
<look-and-feel>
  <compatibility>
    <version>7.3.0+</version>
  </compatibility>
  <theme id="my-liferay-themelet-theme" name="My Liferay Themelet Theme">
    <template-extension>ftl</template-extension>
    <settings>
      <setting configurable="false" key="color-palette" value="primary,success,danger,warning,info,dark,gray-dark,secondary,light,lighter,white"/>
      <setting configurable="true" key="show-footer" type="checkbox" value="true"/>
      <setting configurable="true" key="show-header" type="checkbox" value="true"/>
      <setting configurable="true" key="show-header-search" type="checkbox" value="true"/>
      <setting configurable="true" key="show-maximize-minimize-application-links" type="checkbox" value="false"/>
      <setting configurable="false" key="show-site-name-default" value="true"/>
      <setting configurable="false" key="show-site-name-supported" value="true"/>
      <setting configurable="true" key="wrap-widget-page-content" type="checkbox" value="true"/>
    </settings>
    <roles>
      <role-name>User</role-name>
    </roles>
    <portlet-decorator id="barebone" name="Barebone">
      <portlet-decorator-css-class>portlet-barebone</portlet-decorator-css-class>
    </portlet-decorator>
    <portlet-decorator id="borderless" name="Borderless">
      <default-portlet-decorator>true</default-portlet-decorator>
      <portlet-decorator-css-class>portlet-borderless</portlet-decorator-css-class>
    </portlet-decorator>
    <portlet-decorator id="decorate" name="Decorate">
      <portlet-decorator-css-class>portlet-decorate</portlet-decorator-css-class>
    </portlet-decorator>
  </theme>
</look-and-feel>